,,,,,,,,,,,,,,,,,,,,,,,,
aaliyah,ali,liah,alyah,aliah,aliyah,,,,,,,,,,,,,,,,,,,
aaron,aron,ron,ronny,ronnie,,,,,,,,,,,,,,,,,,,,
abel,abe,abie,,,,,,,,,,,,,,,,,,,,,,
abie,abbie,abe,,,,,,,,,,,,,,,,,,,,,,
abigail,abby,abbie,gail,gayle,gale,abi,,,,,,,,,,,,,,,,,,
abner,abbie,ab,,,,,,,,,,,,,,,,,,,,,,
abraham,abe,abie,bram,,,,,,,,,,,,,,,,,,,,,
abram,abe,abie,bram,,,,,,,,,,,,,,,,,,,,,
ada,addy,addie,,,,,,,,,,,,,,,,,,,,,,
adaline,adeline,ada,delia,addy,della,aline,lena,addie,,,,,,,,,,,,,,,,
addison,addy,addi,adison,addie,,,,,,,,,,,,,,,,,,,,
adela,della,addie,,,,,,,,,,,,,,,,,,,,,,
adelaide,addy,adela,della,addie,adele,,,,,,,,,,,,,,,,,,,
adelbert,ad,ade,bert,del,delbert,,,,,,,,,,,,,,,,,,,
adele,addy,della,addie,adelle,addy,,,,,,,,,,,,,,,,,,,
adelina,ada,delia,addy,della,aline,lena,addie,,,,,,,,,,,,,,,,,
adeline,adaline,ada,delia,addy,della,aline,addie,adalynn,adalyn,adelyn,,,,,,,,,,,,,,
adelphia,dell,addy,delphia,adele,,,,,,,,,,,,,,,,,,,,
adolph,dolph,,,,,,,,,,,,,,,,,,,,,,,
adolphus,adolph,dolph,,,,,,,,,,,,,,,,,,,,,,
adriana,adie,ana,,,,,,,,,,,,,,,,,,,,,,
adriane,adrienne,adie,,,,,,,,,,,,,,,,,,,,,,
agatha,aggie,aggy,,,,,,,,,,,,,,,,,,,,,,
agnes,aggy,aggie,,,,,,,,,,,,,,,,,,,,,,
aiden,ayden,ade,,,,,,,,,,,,,,,,,,,,,,
aileen,eileen,allie,,,,,,,,,,,,,,,,,,,,,,
alaina,lane,lanie,laney,alayna,,,,,,,,,,,,,,,,,,,,
alan,allen,allan,al,,,,,,,,,,,,,,,,,,,,,
alana,lana,lala,,,,,,,,,,,,,,,,,,,,,,
alanson,al,alan,lonson,,,,,,,,,,,,,,,,,,,,,
albert,al,bertie,bert,,,,,,,,,,,,,,,,,,,,,
alberta,allie,bertie,,,,,,,,,,,,,,,,,,,,,,
aldrich,al,rich,richie,,,,,,,,,,,,,,,,,,,,,
alejandro,alex,,,,,,,,,,,,,,,,,,,,,,,
alex,lexie,lexy,ali,alix,lex,,,,,,,,,,,,,,,,,,,
alexa,lexie,lexy,ali,alix,alex,,,,,,,,,,,,,,,,,,,
alexander,lex,al,alek,alex,alec,,,,,,,,,,,,,,,,,,,
alexandra,lexy,lexie,allie,ali,alix,alex,aly,,,,,,,,,,,,,,,,,
alexandria,lexy,lexie,allie,ali,alix,alex,,,,,,,,,,,,,,,,,,
alexis,alex,lexie,lexy,,,,,,,,,,,,,,,,,,,,,
alfred,freddy,al,freddie,alfie,fred,alf,,,,,,,,,,,,,,,,,,
alfreda,freddy,alfie,freda,alfy,frieda,,,,,,,,,,,,,,,,,,,
algernon,algie,algy,alger,,,,,,,,,,,,,,,,,,,,,
alice,alyce,ali,ally,allie,,,,,,,,,,,,,,,,,,,,
alicia,alisha,ali,ally,allie,,,,,,,,,,,,,,,,,,,,
alina,ali,lina,alena,lena,,,,,,,,,,,,,,,,,,,,
aline,lena,lina,ali,,,,,,,,,,,,,,,,,,,,,
alisa,alissa,alyssa,allie,ali,ally,lisa,,,,,,,,,,,,,,,,,,
alison,allison,alyson,allyson,allie,ali,ally,,,,,,,,,,,,,,,,,,
allan,alan,allen,al,,,,,,,,,,,,,,,,,,,,,
allie,ali,ally,,,,,,,,,,,,,,,,,,,,,,
allister,alaster,alistair,alister,al,,,,,,,,,,,,,,,,,,,,
almena,allie,mena,,,,,,,,,,,,,,,,,,,,,,
alonso,alonzo,lonny,lon,lonnie,lonzo,lonso,al,,,,,,,,,,,,,,,,,
althea,thea,,,,,,,,,,,,,,,,,,,,,,,
alvin,al,vin,vinny,,,,,,,,,,,,,,,,,,,,,
alwin,alwyn,win,al,,,,,,,,,,,,,,,,,,,,,
alyssa,alissa,ali,,,,,,,,,,,,,,,,,,,,,,
alyssa,alisa,alissa,allie,ali,ally,lisa,,,,,,,,,,,,,,,,,,
amabel,belle,mabel,mab,,,,,,,,,,,,,,,,,,,,,
amanda,manda,mandy,mandi,,,,,,,,,,,,,,,,,,,,,
ambrose,ambie,,,,,,,,,,,,,,,,,,,,,,,
amelia,amy,milly,mel,,,,,,,,,,,,,,,,,,,,,
ana,anna,annie,,,,,,,,,,,,,,,,,,,,,,
anabel,annabel,annabelle,bell,anna,ann,belle,bel,anne,ana,,,,,,,,,,,,,,,
anastasia,stasia,stacy,stacey,stacia,ana,,,,,,,,,,,,,,,,,,,
anderson,sonny,ander,andy,,,,,,,,,,,,,,,,,,,,,
andre,dre,andy,,,,,,,,,,,,,,,,,,,,,,
andrea,andie,andi,dre,,,,,,,,,,,,,,,,,,,,,
andreas,andre,andy,dre,,,,,,,,,,,,,,,,,,,,,
andres,andre,andy,dre,,,,,,,,,,,,,,,,,,,,,
andrew,drew,andy,,,,,,,,,,,,,,,,,,,,,,
angela,angel,angie,,,,,,,,,,,,,,,,,,,,,,
angelica,angie,,,,,,,,,,,,,,,,,,,,,,,
angelina,lina,angel,angie,,,,,,,,,,,,,,,,,,,,,
angeline,lina,angel,angie,,,,,,,,,,,,,,,,,,,,,
anita,nita,ana,,,,,,,,,,,,,,,,,,,,,,
ann,anne,annie,,,,,,,,,,,,,,,,,,,,,,
anna,ann,anne,annie,,,,,,,,,,,,,,,,,,,,,
annabelle,annabel,anabel,bell,anna,ann,belle,anne,ana,,,,,,,,,,,,,,,,
annetta,nettie,netty,annie,netta,,,,,,,,,,,,,,,,,,,,
annette,nettie,netty,annie,,,,,,,,,,,,,,,,,,,,,
anthony,antony,anton,tony,,,,,,,,,,,,,,,,,,,,,
antoinette,nettie,netty,toni,netta,ann,,,,,,,,,,,,,,,,,,,
antonia,toni,tony,ann,,,,,,,,,,,,,,,,,,,,,
antonio,tony,antoni,toni,,,,,,,,,,,,,,,,,,,,,
arabella,belle,bella,arabella,arabel,,,,,,,,,,,,,,,,,,,,
arabelle,arabella,arabel,bella,bell,belle,bel,,,,,,,,,,,,,,,,,,
archibald,arch,archie,,,,,,,,,,,,,,,,,,,,,,
ariana,ari,arianna,,,,,,,,,,,,,,,,,,,,,,
ariel ,arielle,ari,arial,,,,,,,,,,,,,,,,,,,,,
arlene,arlyne,arleen,lynn,lena,,,,,,,,,,,,,,,,,,,,
armena,mena,armina,mina,,,,,,,,,,,,,,,,,,,,,
arnold,arnie,,,,,,,,,,,,,,,,,,,,,,,
art,artie,,,,,,,,,,,,,,,,,,,,,,,
arthur,artie,art,,,,,,,,,,,,,,,,,,,,,,
arya,aria,ari,arie,,,,,,,,,,,,,,,,,,,,,
asahel,asa,,,,,,,,,,,,,,,,,,,,,,,
asaph,asa,,,,,,,,,,,,,,,,,,,,,,,
asher,ash,,,,,,,,,,,,,,,,,,,,,,,
ashley,ash,ashlee,ashleigh,,,,,,,,,,,,,,,,,,,,,
ashton,ash,,,,,,,,,,,,,,,,,,,,,,,
aubrey,aub,bri,bre,aubree,brie,,,,,,,,,,,,,,,,,,,
audrey,dee,dre,audie,,,,,,,,,,,,,,,,,,,,,
august,gus,augie,,,,,,,,,,,,,,,,,,,,,,
augusta,augie,aggy,,,,,,,,,,,,,,,,,,,,,,
augustina,tina,augie,,,,,,,,,,,,,,,,,,,,,,
augustine,augie,tina,,,,,,,,,,,,,,,,,,,,,,
augustus,august,gustus,gussy,augie,gus,,,,,,,,,,,,,,,,,,,
aurora,rori,rory,,,,,,,,,,,,,,,,,,,,,,
austin,austen,aussy,auss,,,,,,,,,,,,,,,,,,,,,
ava,ave,,,,,,,,,,,,,,,,,,,,,,,
avery,avy,ave,,,,,,,,,,,,,,,,,,,,,,
axel,ax,axe,,,,,,,,,,,,,,,,,,,,,,
azariah,riah,aze,,,,,,,,,,,,,,,,,,,,,,
bailey,bayley,bay,bae,,,,,,,,,,,,,,,,,,,,,
baldwin,baldie,,,,,,,,,,,,,,,,,,,,,,,
barbara,babbie,barb,barbie,,,,,,,,,,,,,,,,,,,,,
barnabas,barnaby,barney,,,,,,,,,,,,,,,,,,,,,,
barnard,bernard,bernie,berney,barnie,barney,,,,,,,,,,,,,,,,,,,
barrett,barry,barrie,,,,,,,,,,,,,,,,,,,,,,
bartholomew,bartley,barty,bart,,,,,,,,,,,,,,,,,,,,,
bartlett,bart,bartley,,,,,,,,,,,,,,,,,,,,,,
basil,baz,,,,,,,,,,,,,,,,,,,,,,,
beatrice,bee,beattie,bea,,,,,,,,,,,,,,,,,,,,,
beatrix,bee,beattie,bea,trixie,trix,,,,,,,,,,,,,,,,,,,
beckett,beck,,,,,,,,,,,,,,,,,,,,,,,
belinda,belle,bel,bella,bell,linda,lindy,lin,,,,,,,,,,,,,,,,,
bella,bel,belle,,,,,,,,,,,,,,,,,,,,,,
ben,benny,benji,bennie,benny,,,,,,,,,,,,,,,,,,,,
benedict,bennet,bennie,benny,ben,,,,,,,,,,,,,,,,,,,,
benjamin,bennie,benjie,jamie,benny,ben,benjy,benji,,,,,,,,,,,,,,,,,
bennett,bennet,bennie,benny,ben,,,,,,,,,,,,,,,,,,,,
bentley,ben,bennie,benny,bentleigh,,,,,,,,,,,,,,,,,,,,
bernard,barnard,bernie,berney,barnie,barney,,,,,,,,,,,,,,,,,,,
bernice,bernie,berenice,,,,,,,,,,,,,,,,,,,,,,
bertha,berta,bert,,,,,,,,,,,,,,,,,,,,,,
betty,bettie,bett,bette,,,,,,,,,,,,,,,,,,,,,
beverley,beverly,bev,,,,,,,,,,,,,,,,,,,,,,
bill,billy,billie,,,,,,,,,,,,,,,,,,,,,,
bob,bobby,rob,bobbie,,,,,,,,,,,,,,,,,,,,,
bradford,brad,ford,brady,,,,,,,,,,,,,,,,,,,,,
bradley,brad,lee,,,,,,,,,,,,,,,,,,,,,,
brandon,branden,brando,,,,,,,,,,,,,,,,,,,,,,
brantley,brant,,,,,,,,,,,,,,,,,,,,,,,
braxton,brax,,,,,,,,,,,,,,,,,,,,,,,
brayden,braydon,braden,bradon,brad,,,,,,,,,,,,,,,,,,,,
brenton,brent,,,,,,,,,,,,,,,,,,,,,,,
brianna,bri,briana,ana,,,,,,,,,,,,,,,,,,,,,
bridget,bridgette,brigid,brigit,biddy,bridie,bridey,biddie,brita,bridgie,bree,brie,,,,,,,,,,,,,
brielle,bri,elle,,,,,,,,,,,,,,,,,,,,,,
britney,brittney,brittany,brita,brit,britt,,,,,,,,,,,,,,,,,,,
broderick,rod,brody,rick,brady,ricky,brodie,,,,,,,,,,,,,,,,,,
brooke,brookie,,,,,,,,,,,,,,,,,,,,,,,
brooklyn,brooke,brooklynn,,,,,,,,,,,,,,,,,,,,,,
bryan,brian,,,,,,,,,,,,,,,,,,,,,,,
bryce,bry,,,,,,,,,,,,,,,,,,,,,,,
bryson, bryce,bry,,,,,,,,,,,,,,,,,,,,,,
burton,burt,,,,,,,,,,,,,,,,,,,,,,,
byron,ron,ronny,ronnie,,,,,,,,,,,,,,,,,,,,,
caleb,cal,kaleb,,,,,,,,,,,,,,,,,,,,,,
calvin,vin,vinny,cal,,,,,,,,,,,,,,,,,,,,,
camden,cam,,,,,,,,,,,,,,,,,,,,,,,
cameron,ron,ronny,cam,,,,,,,,,,,,,,,,,,,,,
camila,camilla,millie,cammy,cammie,milly,cami,,,,,,,,,,,,,,,,,,
camile,camille,millie,cammy,cammie,milly,cami,,,,,,,,,,,,,,,,,,
candace,candice,candy,,,,,,,,,,,,,,,,,,,,,,
carley,carly,karli,karlie,,,,,,,,,,,,,,,,,,,,,
carlos,carl,,,,,,,,,,,,,,,,,,,,,,,
carlota,carlotta,lottie,lotty,lotta,,,,,,,,,,,,,,,,,,,,
carly,karli,carley,karlie,,,,,,,,,,,,,,,,,,,,,
carol,carole,carrol,carroll,,,,,,,,,,,,,,,,,,,,,
carolina,carol,carrol,carroll,carol,karolina,lina,,,,,,,,,,,,,,,,,,
caroline,carrol,carroll,carol,carole,karoline,,,,,,,,,,,,,,,,,,,
carolyn,carrol,carroll,carol,carole,lynn,,,,,,,,,,,,,,,,,,,
carter,car,karter,,,,,,,,,,,,,,,,,,,,,,
casey,case,kacie,kacy,kacey,,,,,,,,,,,,,,,,,,,,
casper,caspar,cas,cass,,,,,,,,,,,,,,,,,,,,,
cassandra,cassey,cassie,cass,sandra,sandy,casey,,,,,,,,,,,,,,,,,,
cassius,cas,cass,,,,,,,,,,,,,,,,,,,,,,
cathy,cathie,cat,kathy,kathie,cathay,,,,,,,,,,,,,,,,,,,
cecelia,cissy,celia,sissy,cecillia,cecilia,,,,,,,,,,,,,,,,,,,
cecile,cissy,celia,sissy,,,,,,,,,,,,,,,,,,,,,
cecily,cissy,celia,sissy,cicely,,,,,,,,,,,,,,,,,,,,
cedric,rick,ricky,ced,ric,,,,,,,,,,,,,,,,,,,,
celeste,celie,cissy,,,,,,,,,,,,,,,,,,,,,,
celestina,tina,celie,,,,,,,,,,,,,,,,,,,,,,
celestine,tina,celie,,,,,,,,,,,,,,,,,,,,,,
celine,selene,lina,lena,,,,,,,,,,,,,,,,,,,,,
charity,cherry,,,,,,,,,,,,,,,,,,,,,,,
charles,carl,chuck,chas,charley,charlie,,,,,,,,,,,,,,,,,,,
charlotte,charlie,lottie,char,charli,lotty,sherry,,,,,,,,,,,,,,,,,,
chauncey,chan,,,,,,,,,,,,,,,,,,,,,,,
chester,chet,,,,,,,,,,,,,,,,,,,,,,,
chloe,cloey,clo,khloe,,,,,,,,,,,,,,,,,,,,,
christa,chrissie,christy,chris,christie,,,,,,,,,,,,,,,,,,,,
christian,cris,chris,,,,,,,,,,,,,,,,,,,,,,
christiana,kit,chrissie,christy,tina,christa,chris,christie,kristie,kristi,christy,kristy,,,,,,,,,,,,,
christina,kristina,chrissie,christy,tina,christa,chris,christie,kit,kristi,christy,kristy,,,,,,,,,,,,,
christine,kristine,chrissie,christy,tina,christa,chris,christie,kit,,,,,,,,,,,,,,,,
christopher,chris,topher,toph,,,,,,,,,,,,,,,,,,,,,
chuck,charlie,charley,,,,,,,,,,,,,,,,,,,,,,
cicely,cissy,celia,cecily,,,,,,,,,,,,,,,,,,,,,
clara,clare,,,,,,,,,,,,,,,,,,,,,,,
clare,claire,,,,,,,,,,,,,,,,,,,,,,,
clarence,clair,clare,,,,,,,,,,,,,,,,,,,,,,
clarice,clair,cissy,clare,,,,,,,,,,,,,,,,,,,,,
clarinda,clara,,,,,,,,,,,,,,,,,,,,,,,
clarisa,clarissa,clair,cissy,clara,clare,,,,,,,,,,,,,,,,,,,
clayton,clay,,,,,,,,,,,,,,,,,,,,,,,
clementina,clemmie,tina,clem,,,,,,,,,,,,,,,,,,,,,
clementine,clemmie,tina,clem,,,,,,,,,,,,,,,,,,,,,
clifford,cliff,ford,,,,,,,,,,,,,,,,,,,,,,
clifton,cliff,,,,,,,,,,,,,,,,,,,,,,,
clinton,clint,,,,,,,,,,,,,,,,,,,,,,,
clorinda,cloey ,chloe,,,,,,,,,,,,,,,,,,,,,,
colin,collin,cole,,,,,,,,,,,,,,,,,,,,,,
colton,cole,,,,,,,,,,,,,,,,,,,,,,,
columbus,clum,,,,,,,,,,,,,,,,,,,,,,,
connie,conny,conny,con,,,,,,,,,,,,,,,,,,,,,
connor,conner,conor,con,,,,,,,,,,,,,,,,,,,,,
conrad,con,conny,connie,,,,,,,,,,,,,,,,,,,,,
constance,connie,,,,,,,,,,,,,,,,,,,,,,,
cooper,coop,,,,,,,,,,,,,,,,,,,,,,,
cora,corie,cori,kora,,,,,,,,,,,,,,,,,,,,,
cora,cori,corie,,,,,,,,,,,,,,,,,,,,,,
cordelia,delia,cordy,cori,,,,,,,,,,,,,,,,,,,,,
corey,cori,cory,,,,,,,,,,,,,,,,,,,,,,
corina,corinna,cory,cori,corrie,cora,,,,,,,,,,,,,,,,,,,
corine,corinne,corynne,corrine,cory,cori,corrie,cora,,,,,,,,,,,,,,,,,
cornelia,nellie,nelly,conny,nelia,connie,cori,nelle,nell,cornie,corny,,,,,,,,,,,,,,
cornelius,con,conny,cory,connie,neil,corney,corny,,,,,,,,,,,,,,,,,
courtney,courtie,court,kourtney,,,,,,,,,,,,,,,,,,,,,
crystal,chrystal,crys,chris,krystal,,,,,,,,,,,,,,,,,,,,
curtis,kurtis,kurt,curt,,,,,,,,,,,,,,,,,,,,,
cynthia,cindy,,,,,,,,,,,,,,,,,,,,,,,
cyrenius,cene,renius,serene,cy,swene,,,,,,,,,,,,,,,,,,,
cyrus,cy,,,,,,,,,,,,,,,,,,,,,,,
dalton,dal,dahl,,,,,,,,,,,,,,,,,,,,,,
damien,damian,dame,dam,,,,,,,,,,,,,,,,,,,,,
dan,danny,,,,,,,,,,,,,,,,,,,,,,,
daniel,danny,dan,,,,,,,,,,,,,,,,,,,,,,
daniela,danielle,danny,dani,,,,,,,,,,,,,,,,,,,,,
danielle,daniela,danny,dani,,,,,,,,,,,,,,,,,,,,,
daphne,daph,,,,,,,,,,,,,,,,,,,,,,,
darlene,darlyne,darleen,darry,darla,lena,,,,,,,,,,,,,,,,,,,
darrell,daryl,darryl,darrel,,,,,,,,,,,,,,,,,,,,,
dave,davie,davey,,,,,,,,,,,,,,,,,,,,,,
david,davey,dave,davie,,,,,,,,,,,,,,,,,,,,,
dawson,dawes,,,,,,,,,,,,,,,,,,,,,,,
debra,deborah,deb,debbie,debora,debby,,,,,,,,,,,,,,,,,,,
deila,dell,della,,,,,,,,,,,,,,,,,,,,,,
delbert,del,bert,,,,,,,,,,,,,,,,,,,,,,
delilah,lila,lilah,dee,didi,,,,,,,,,,,,,,,,,,,,
delores,dolores,dell,dee,della,lola,,,,,,,,,,,,,,,,,,,
denise,denny,,,,,,,,,,,,,,,,,,,,,,,
dennis,denis,denny,den,,,,,,,,,,,,,,,,,,,,,
derek,derrick,rick,eric,ricky,derry,,,,,,,,,,,,,,,,,,,
dexter,dex,,,,,,,,,,,,,,,,,,,,,,,
diana,di,,,,,,,,,,,,,,,,,,,,,,,
diane,di,dianne,,,,,,,,,,,,,,,,,,,,,,
dina,dinah,di,,,,,,,,,,,,,,,,,,,,,,
dominic,dominick,dom,nick,nikki,nic,,,,,,,,,,,,,,,,,,,
dominique,dom,nikki,nicki,dom,,,,,,,,,,,,,,,,,,,,
donald,don,donnie,donny,,,,,,,,,,,,,,,,,,,,,
doris,dorrie,dee,dora,,,,,,,,,,,,,,,,,,,,,
dorothea,dora,dolly,doll,dottie,dot,dorrie,dee,dotty,,,,,,,,,,,,,,,,
dorothy,dottie,dolly,doll ,dot,dorrie,dee,dotty,dora,,,,,,,,,,,,,,,,
dortha,dorrie,dee,dori,dora,,,,,,,,,,,,,,,,,,,,
douglas,doug,douglass,,,,,,,,,,,,,,,,,,,,,,
dustin,dusty,,,,,,,,,,,,,,,,,,,,,,,
dylan,dillion,dill,dee,,,,,,,,,,,,,,,,,,,,,
earnest,ernest,ernie,,,,,,,,,,,,,,,,,,,,,,
earnestine,ernestine,ernie,erna,,,,,,,,,,,,,,,,,,,,,
easton,east,,,,,,,,,,,,,,,,,,,,,,,
ebenezer,eben,ebbie,eb,,,,,,,,,,,,,,,,,,,,,
ed,eddy,eddie,,,,,,,,,,,,,,,,,,,,,,
edgar,eddie,eddy,ned,ed,,,,,,,,,,,,,,,,,,,,
edith,edyth,edythe,edie,dee,,,,,,,,,,,,,,,,,,,,
edmund,ned,ed,ted,,,,,,,,,,,,,,,,,,,,,
edward,eddie,eddy,ned,ed,ted,,,,,,,,,,,,,,,,,,,
edwin,eddie,eddy,win,ned,ed,,,,,,,,,,,,,,,,,,,
eileen,aileen,,,,,,,,,,,,,,,,,,,,,,,
eilisia,elsa,elsie,,,,,,,,,,,,,,,,,,,,,,
elaine,ellie,elly,lane,laney,,,,,,,,,,,,,,,,,,,,
elbert,bertie,bert,,,,,,,,,,,,,,,,,,,,,,
eleanor,elinor,elenore,eleonore,nora,lallie,ellie,ellen,elaine,nellie,ella,nelly,nora,,,,,,,,,,,,
eleazer,lazar,eli,eleazor,,,,,,,,,,,,,,,,,,,,,
eleonora,elenora,lanna,ella,nelly,nora,lenora,lenny,ellie,ellen,ella,,,,,,,,,,,,,,
eliana,eli,elyana,elianna,ely,elana,,,,,,,,,,,,,,,,,,,
elias,eli,lee,lias,,,,,,,,,,,,,,,,,,,,,
eliezar,eliazar,eli,,,,,,,,,,,,,,,,,,,,,,
elijah,eli,,,,,,,,,,,,,,,,,,,,,,,
elisa,elsie,elsa,elissa,elyse,ellie,lise,elly,lisa,,,,,,,,,,,,,,,,
elisabeth,elizabeth,betsey,lizbet,lizzie,bett,lizbeth,ellie,bette,beth,liza,lisbet,elsie,liz,lisbeth,,,,,,,,,,
elise,elyse,elisia,elsie,elsa,,,,,,,,,,,,,,,,,,,,
elisha,eli,lish,alisha,alicia,,,,,,,,,,,,,,,,,,,,
elisia,elsie,ellie,lise,elly,alycia,,,,,,,,,,,,,,,,,,,
eliza,lizzie,liza,ellie,liz,elsie,,,,,,,,,,,,,,,,,,,
ella,ellie,elly,,,,,,,,,,,,,,,,,,,,,,
ellen,ellie,nell,ella,elly,,,,,,,,,,,,,,,,,,,,
elliana,eliana,,,,,,,,,,,,,,,,,,,,,,,
elliott,elliot,el,,,,,,,,,,,,,,,,,,,,,,
ellswood,elswood,elsey,elsie,elze,,,,,,,,,,,,,,,,,,,,
elmer,el,,,,,,,,,,,,,,,,,,,,,,,
elmira,mira,elly,ellie,,,,,,,,,,,,,,,,,,,,,
eloise,lois,louise,,,,,,,,,,,,,,,,,,,,,,
elsa,elsie,elly,ellie,,,,,,,,,,,,,,,,,,,,,
elswood,ellswood,elsey,elsie,elze,,,,,,,,,,,,,,,,,,,,
elvin,elwin,elwyn,el,vin,win,,,,,,,,,,,,,,,,,,,
elvira,elvie,,,,,,,,,,,,,,,,,,,,,,,
elwin,el,vin,win,,,,,,,,,,,,,,,,,,,,,
elwood,el,woody,,,,,,,,,,,,,,,,,,,,,,
emanuel,manuel,emmanuel,immanuel,manny,mannie,,,,,,,,,,,,,,,,,,,
emeline,emmy,emm,milly,em,emmie,emma,emily,,,,,,,,,,,,,,,,,
emerson,emersen,emmy,em,emersyn,,,,,,,,,,,,,,,,,,,,
emery,emory,em,,,,,,,,,,,,,,,,,,,,,,
emile,emil,em,,,,,,,,,,,,,,,,,,,,,,
emilia,emmie,emmy,milly,em,emma,amelia,,,,,,,,,,,,,,,,,,
emiliano,emi,nano,,,,,,,,,,,,,,,,,,,,,,
emily,emilie,emmy,milly,em,emma,emmie,,,,,,,,,,,,,,,,,,
emma,emm,emmie,emmy,em,,,,,,,,,,,,,,,,,,,,
emmett,emmet,em,emmy,,,,,,,,,,,,,,,,,,,,,
emory,emery,em,,,,,,,,,,,,,,,,,,,,,,
ephraim,eph,,,,,,,,,,,,,,,,,,,,,,,
eric,erik,erick,rick,,,,,,,,,,,,,,,,,,,,,
erica,ericka,erika,,,,,,,,,,,,,,,,,,,,,,
ernest,earnest,ernie,,,,,,,,,,,,,,,,,,,,,,
ernestine,earnestine,ernie,erna,,,,,,,,,,,,,,,,,,,,,
ervin,erv,vin,vinny,irvin,,,,,,,,,,,,,,,,,,,,
erwin,irwin,erwin,vin,win,,,,,,,,,,,,,,,,,,,,
estella,estelle,essy,essie,stella,,,,,,,,,,,,,,,,,,,,
esther,ettie,essie,etty,ester,,,,,,,,,,,,,,,,,,,,
ethel,eth,ethyl,,,,,,,,,,,,,,,,,,,,,,
eugene,gene,,,,,,,,,,,,,,,,,,,,,,,
eugenia,eugenie,gene,genie,,,,,,,,,,,,,,,,,,,,,
eugenie,gene,genie,,,,,,,,,,,,,,,,,,,,,,
eulalia,eula,lally,lallie,,,,,,,,,,,,,,,,,,,,,
eunice,euny,eunie,,,,,,,,,,,,,,,,,,,,,,
euphemia,phemie,effy,effie,euphie,phamie,,,,,,,,,,,,,,,,,,,
eustace,stacy,stacey,,,,,,,,,,,,,,,,,,,,,,
eustacia,stacy,stacey,stacia,,,,,,,,,,,,,,,,,,,,,
eva,evvie,eve,evie,,,,,,,,,,,,,,,,,,,,,
evan,ev,evie,,,,,,,,,,,,,,,,,,,,,,
evangelina,angie,eve,evie,lynn,evvie,,,,,,,,,,,,,,,,,,,
evangeline,angie,eve,evie,lynn,evvie,,,,,,,,,,,,,,,,,,,
eveleen,eveline,evelyn,evelynne,evvie,eve,evie,eva,lynn,evaline,,,,,,,,,,,,,,,
evelina,evvie,eve,evie,eva,lynn,lina,,,,,,,,,,,,,,,,,,
everett,ev,,,,,,,,,,,,,,,,,,,,,,,
everly,everleigh,everlee,lee,,,,,,,,,,,,,,,,,,,,,
ezekiel,zeke,,,,,,,,,,,,,,,,,,,,,,,
fabian,fabe,fab,,,,,,,,,,,,,,,,,,,,,,
faith,fay,faye,fae,,,,,,,,,,,,,,,,,,,,,
fannie,fanny,fanny,fan,,,,,,,,,,,,,,,,,,,,,
faye,fae,fay,,,,,,,,,,,,,,,,,,,,,,
felicia,fel,felice,fee,,,,,,,,,,,,,,,,,,,,,
felicity,fel,felice,fee,,,,,,,,,,,,,,,,,,,,,
ferdinand,freddy,freddie,fred,ferdie,,,,,,,,,,,,,,,,,,,,
fernando,fern,ferdie,nando,,,,,,,,,,,,,,,,,,,,,
fidelia,delia,,,,,,,,,,,,,,,,,,,,,,,
finley,fin,,,,,,,,,,,,,,,,,,,,,,,
flora,flo,florrie,,,,,,,,,,,,,,,,,,,,,,
florence,florrie,flora,flo,,,,,,,,,,,,,,,,,,,,,
floyd,floy,,,,,,,,,,,,,,,,,,,,,,,
fran,franny,frannie,,,,,,,,,,,,,,,,,,,,,,
frances,sis,cissy,fanny,franky,fran,france,fannie,fan,francy,franny,,,,,,,,,,,,,,
francesca,francisca,cesca,fran,cheska,fran,franky,frankie,franny,frannie,,,,,,,,,,,,,,,
francine,franny,frances,fanny,franky,fran,france,fannie,fan,francy,frankie,frannie,,,,,,,,,,,,,
francis,frank,franky,fran,frankie,,,,,,,,,,,,,,,,,,,,
francisco,frank,franky,fran,frankie,,,,,,,,,,,,,,,,,,,,
frank,frankie,franky,,,,,,,,,,,,,,,,,,,,,,
franklin,franklyn,frank,frankie,fran,franky,,,,,,,,,,,,,,,,,,,
fred,freddy,freddie,,,,,,,,,,,,,,,,,,,,,,
frederic,fredrick,frederick,fredric,freddy,freddie,rick,fred,ricky,fritz,,,,,,,,,,,,,,,
frieda,freda,freddie,,,,,,,,,,,,,,,,,,,,,,
gabriel,gabe,gabby,,,,,,,,,,,,,,,,,,,,,,
gabriella,briella,gabriela,ella,gabby,gaby,gabi,bri,,,,,,,,,,,,,,,,,
gabrielle,elle,gabby,gaby,gabi,brielle,bri,,,,,,,,,,,,,,,,,,
gail,gayle,,,,,,,,,,,,,,,,,,,,,,,
garret,garrett,garry,gary,,,,,,,,,,,,,,,,,,,,,
gavin,gav,,,,,,,,,,,,,,,,,,,,,,,
genesis,gen,genny,jen,jenny,,,,,,,,,,,,,,,,,,,,
genevieve,jean,gene,eve,ginny,viv,jenny,,,,,,,,,,,,,,,,,,
geoff,jeff,,,,,,,,,,,,,,,,,,,,,,,
geoffrey,jeffery,jeffrey,geoff,jeff,,,,,,,,,,,,,,,,,,,,
george,georgie,,,,,,,,,,,,,,,,,,,,,,,
georgia,georgie,,,,,,,,,,,,,,,,,,,,,,,
georgina,georgie,gina,,,,,,,,,,,,,,,,,,,,,,
georgine,gina,georgie,,,,,,,,,,,,,,,,,,,,,,
gerald,jerry,gerry,,,,,,,,,,,,,,,,,,,,,,
geraldine,dina,jerry,gerrie,gerry,gerri,,,,,,,,,,,,,,,,,,,
gerard,jerry,gerry,,,,,,,,,,,,,,,,,,,,,,
gertrude,gertie,trudy,gert,trudie,,,,,,,,,,,,,,,,,,,,
gianna,gigi,gi,,,,,,,,,,,,,,,,,,,,,,
gilbert,gil,bert,bertie,,,,,,,,,,,,,,,,,,,,,
ginerva,ginny,,,,,,,,,,,,,,,,,,,,,,,
ginger,ginny,,,,,,,,,,,,,,,,,,,,,,,
giovanni,gio,,,,,,,,,,,,,,,,,,,,,,,
glenda,glen,,,,,,,,,,,,,,,,,,,,,,,
gloria,lori,,,,,,,,,,,,,,,,,,,,,,,
grace,gracie,gracey,,,,,,,,,,,,,,,,,,,,,,
grayson,greyson,grey,gracen,,,,,,,,,,,,,,,,,,,,,
gregor,greg,gregg,,,,,,,,,,,,,,,,,,,,,,
gregory,greg,gregg,,,,,,,,,,,,,,,,,,,,,,
gretchen,gretta,greta,,,,,,,,,,,,,,,,,,,,,,
griffin,griff,fin,,,,,,,,,,,,,,,,,,,,,,
griffith,griff,,,,,,,,,,,,,,,,,,,,,,,
gwenda,gwen,,,,,,,,,,,,,,,,,,,,,,,
gwendolen,gwendolyn,wendy,gwen,gwenda,,,,,,,,,,,,,,,,,,,,
hadley,hadee,hadie,hadlee,,,,,,,,,,,,,,,,,,,,,
hannah,hanna,nan,nana,nanny,anna,ann,annie,,,,,,,,,,,,,,,,,
harold,harry,henry,hal,,,,,,,,,,,,,,,,,,,,,
harriet,hatty,hattie,harry,,,,,,,,,,,,,,,,,,,,,
harrison,harry,hank,sonny,,,,,,,,,,,,,,,,,,,,,
harvey,harve,harv,,,,,,,,,,,,,,,,,,,,,,
hayley,hailey,haley,halley,hailee,lee,,,,,,,,,,,,,,,,,,,
heather,hetty,hettie,,,,,,,,,,,,,,,,,,,,,,
helaine,lainie,ellie,elly,helene,,,,,,,,,,,,,,,,,,,,
helena,helen,lena,,,,,,,,,,,,,,,,,,,,,,
helene,helen,,,,,,,,,,,,,,,,,,,,,,,
heloise,lois,louise,,,,,,,,,,,,,,,,,,,,,,
henrietta,ettie,hetty,nettie,netty,etty,hettie,henny,retta,etta,,,,,,,,,,,,,,,
henry,harry,hal,hank,hen,,,,,,,,,,,,,,,,,,,,
hephsibah,hepsibah,hipsie,,,,,,,,,,,,,,,,,,,,,,
herbert,herb,bertie,bert,,,,,,,,,,,,,,,,,,,,,
herman,manny,mannie,herm,hermie,,,,,,,,,,,,,,,,,,,,
hermione,hermie,,,,,,,,,,,,,,,,,,,,,,,
hester,hessy,hetty,,,,,,,,,,,,,,,,,,,,,,
hezekiah,hez,kiah,hy,,,,,,,,,,,,,,,,,,,,,
hilary,hillary,hill,hillie,,,,,,,,,,,,,,,,,,,,,
hiram,hy,,,,,,,,,,,,,,,,,,,,,,,
honora,nora,,,,,,,,,,,,,,,,,,,,,,,
hopkins,hopp,hop,,,,,,,,,,,,,,,,,,,,,,
horace,horry,,,,,,,,,,,,,,,,,,,,,,,
howard,howie,,,,,,,,,,,,,,,,,,,,,,,
hubert,hugh,bertie,bert,hub,,,,,,,,,,,,,,,,,,,,
hudson,hud,huddy,,,,,,,,,,,,,,,,,,,,,,
hugh,hughie,,,,,,,,,,,,,,,,,,,,,,,
hugo,hugh,,,,,,,,,,,,,,,,,,,,,,,
hunter,hunt,,,,,,,,,,,,,,,,,,,,,,,
ignatius,nace,natius,nate,iggy,,,,,,,,,,,,,,,,,,,,
imogen,imogene,immie,immy,,,,,,,,,,,,,,,,,,,,,
irene,ira,,,,,,,,,,,,,,,,,,,,,,,
irvin,ervin,irvine,erv,vin,,,,,,,,,,,,,,,,,,,,
isaac,isaak,ike,,,,,,,,,,,,,,,,,,,,,,
isabeau,issy,isa,,,,,,,,,,,,,,,,,,,,,,
isabel,isobel,belle,isabelle,bella,issy,bell,isa,belle,,,,,,,,,,,,,,,,
isabela,isabella,issabella,bella,isa,issy,bell,,,,,,,,,,,,,,,,,,
isabelle,isabel,isabell,bella,isobel,issy,bell,isa,belle,,,,,,,,,,,,,,,,
isador,isidore,izzy,isadore,isidor,,,,,,,,,,,,,,,,,,,,
isaiah,isiah,isa,,,,,,,,,,,,,,,,,,,,,,
jace,jay,,,,,,,,,,,,,,,,,,,,,,,
jack,jacky,jackie,,,,,,,,,,,,,,,,,,,,,,
jackson,jack,jaxson,,,,,,,,,,,,,,,,,,,,,,
jacob,jake,jay,,,,,,,,,,,,,,,,,,,,,,
jacqueline,jacquelyn,jacky,jackie,,,,,,,,,,,,,,,,,,,,,
james,jim,jimmie,jimmy,jamie,,,,,,,,,,,,,,,,,,,,
jameson,james,jamie,,,,,,,,,,,,,,,,,,,,,,
janet,janette,jan,nettie,netty,jeannette,,,,,,,,,,,,,,,,,,,
janetta,jeannetta,janet,jan,nettie,netta,netty,,,,,,,,,,,,,,,,,,
janice,janis,jan,,,,,,,,,,,,,,,,,,,,,,
jasmine ,jasmin,jazmine,jas,jaz,,,,,,,,,,,,,,,,,,,,
jason,jay,,,,,,,,,,,,,,,,,,,,,,,
jasper,jay,,,,,,,,,,,,,,,,,,,,,,,
jaxon,jax,jackson,,,,,,,,,,,,,,,,,,,,,,
jayce,jace,jay,,,,,,,,,,,,,,,,,,,,,,
jayden,jay,,,,,,,,,,,,,,,,,,,,,,,
jean,jeanie,jeannie,jeanne,jennie,,,,,,,,,,,,,,,,,,,,
jeanette,jeannette,jean,nettie,netty,jeannie,jeanie,netta,,,,,,,,,,,,,,,,,
jedidiah,jed,,,,,,,,,,,,,,,,,,,,,,,
jefferson,sonny,jeff,,,,,,,,,,,,,,,,,,,,,,
jeffrey,geoffrey,geoff,jeff,jeffery,,,,,,,,,,,,,,,,,,,,
jemima,jem,mimi,jemma,mima,,,,,,,,,,,,,,,,,,,,
jemma,jem,gemma,mima,gem,,,,,,,,,,,,,,,,,,,,
jen,jennie,jenny,,,,,,,,,,,,,,,,,,,,,,
jennifer,jennie,jen,jenne,jenny,jenni,jenifer,ginifer,ginnifer,,,,,,,,,,,,,,,,
jeremiah,jerry,jeremy,,,,,,,,,,,,,,,,,,,,,,
jeremy,jerry,,,,,,,,,,,,,,,,,,,,,,,
jerome,jerry,,,,,,,,,,,,,,,,,,,,,,,
jesse,jessie,jess,,,,,,,,,,,,,,,,,,,,,,
jessica,jess,jessie,,,,,,,,,,,,,,,,,,,,,,
jillian,jill,gillian,,,,,,,,,,,,,,,,,,,,,,
jim,jimmy,jimmie,,,,,,,,,,,,,,,,,,,,,,
joan,joann,jo,,,,,,,,,,,,,,,,,,,,,,
joanna,jo,anna,,,,,,,,,,,,,,,,,,,,,,
joanne,joan,joann,jo,,,,,,,,,,,,,,,,,,,,,
joceline,jocelyn,jo,lynn,,,,,,,,,,,,,,,,,,,,,
jodie,jody,,,,,,,,,,,,,,,,,,,,,,,
joe,jo,joey,,,,,,,,,,,,,,,,,,,,,,
joe,joey,jo,,,,,,,,,,,,,,,,,,,,,,
johanna,johannah,joann,jo,,,,,,,,,,,,,,,,,,,,,
john,jack,jon,johnny,,,,,,,,,,,,,,,,,,,,,
jonah,jo,joe,,,,,,,,,,,,,,,,,,,,,,
jonathan,jonny,nathan,jon,john,johnny,,,,,,,,,,,,,,,,,,,
jordan,jordie,jordyn,jordin,jo,,,,,,,,,,,,,,,,,,,,
jose,jo,,,,,,,,,,,,,,,,,,,,,,,
joseph,joey,joe,jo,,,,,,,,,,,,,,,,,,,,,
josephine,fina,joey,jody,josie,jozy,josy,josey,jo,,,,,,,,,,,,,,,,
joshua,joe,josh,,,,,,,,,,,,,,,,,,,,,,
josiah,jos,,,,,,,,,,,,,,,,,,,,,,,
joyce,joy,,,,,,,,,,,,,,,,,,,,,,,
juanita,nettie,nita,,,,,,,,,,,,,,,,,,,,,,
judah,jude,,,,,,,,,,,,,,,,,,,,,,,
judith,jude,judie,judy,,,,,,,,,,,,,,,,,,,,,
judson,jud,sonny,,,,,,,,,,,,,,,,,,,,,,
judy,jude,judie,,,,,,,,,,,,,,,,,,,,,,
julia,jules,jule,,,,,,,,,,,,,,,,,,,,,,
julian,jule,jules,,,,,,,,,,,,,,,,,,,,,,
juliana,julianna,julie,jule,jules,,,,,,,,,,,,,,,,,,,,
julianne,julie,jules,jule,,,,,,,,,,,,,,,,,,,,,
julie,jule,jules,,,,,,,,,,,,,,,,,,,,,,
juliette,juliet,julie,jule,,,,,,,,,,,,,,,,,,,,,
justine,tina,,,,,,,,,,,,,,,,,,,,,,,
kaden,kayden,caden,kade,kaiden,,,,,,,,,,,,,,,,,,,,
kaitlyn,katy,katie,kate,kay,kaye,caitlin,katelyn,caitlyn,catie,caty,cate,,,,,,,,,,,,,
karen,karin,karyn,,,,,,,,,,,,,,,,,,,,,,
kate,katie,katy,kay,kaye,,,,,,,,,,,,,,,,,,,,
katharine,kath,kattie,kate,katy,kittie,kathie,kitty,kay,kit,kathy,kaye,katherine,kathrine,kathryn,kathrynne,catharine,cat,cathie,cathy,cattie,catty,cathryn,catherine,catheryn
kathleen,kath,kathlene,kate,kathlyn,kathlynne,kathy,kathie,kitty,kay,kit,kaye,cathleen,cat,cathie,cathy,cattie,catty,cathlyn,,,,,,
kathy,kay,kath,kat,katty,kathie,,,,,,,,,,,,,,,,,,,
katie,katy,kay,kaye,catie,caty,,,,,,,,,,,,,,,,,,,
katrina,trina,kate,kat,kay,,,,,,,,,,,,,,,,,,,,
kaye,kay,,,,,,,,,,,,,,,,,,,,,,,
kayla ,kay,,,,,,,,,,,,,,,,,,,,,,,
kaylee,kaylie,kailey,kay,,,,,,,,,,,,,,,,,,,,,
kelvin,kel,kelly,,,,,,,,,,,,,,,,,,,,,,
ken,kenny,,,,,,,,,,,,,,,,,,,,,,,
kendall,kenny,ken,,,,,,,,,,,,,,,,,,,,,,
kendrick,kenny,rick,ken,ricky,,,,,,,,,,,,,,,,,,,,
kennedy,ken,kennny,,,,,,,,,,,,,,,,,,,,,,
kenneth,kenny,ken,kent,,,,,,,,,,,,,,,,,,,,,
kent,ken,,,,,,,,,,,,,,,,,,,,,,,
kevin,kev,,,,,,,,,,,,,,,,,,,,,,,
kim,kimmy,,,,,,,,,,,,,,,,,,,,,,,
kimberley,kim,kimmy,kimby,kimberly,,,,,,,,,,,,,,,,,,,,
kingston,king,,,,,,,,,,,,,,,,,,,,,,,
kinsley,kin,,,,,,,,,,,,,,,,,,,,,,,
kirsten,kit,,,,,,,,,,,,,,,,,,,,,,,
krista,kristie,kristi,kristy,kris,kit,christa,,,,,,,,,,,,,,,,,,
kristen,kris,kristi,kristy,kristin,,,,,,,,,,,,,,,,,,,,
kristiana,kit,krissie,kristy,krista,kris,kristie,christiana,,,,,,,,,,,,,,,,,
kristina,christina,chrissie,christy,tina,christa,chris,christie,kit,kristy,krissy,kristi,cristina,kris,,,,,,,,,,,
kristine,christine,chrissie,christy,tina,christa,chris,christie,kit,kristy,krissy,kristie,kristi,krista,kris,,,,,,,,,,
kristopher,kristofer,kris,kristof,toph,kit,topher,kristoph,,,,,,,,,,,,,,,,,
kurtis,curtis,kurt,curt,,,,,,,,,,,,,,,,,,,,,
kylie,chyleigh,,,,,,,,,,,,,,,,,,,,,,,
lafayette,laffie,fate,,,,,,,,,,,,,,,,,,,,,,
lamont,monty,monte,,,,,,,,,,,,,,,,,,,,,,
lancelot,launcelot,lance,,,,,,,,,,,,,,,,,,,,,,
landon,landen,land,lan,,,,,,,,,,,,,,,,,,,,,
laura,laurie,lorrie,lora,,,,,,,,,,,,,,,,,,,,,
laurel,lori,lorie,laurie,lorrie,,,,,,,,,,,,,,,,,,,,
lauren,loren,laureen,laurie,lori,lorie,laurie,lorrie,,,,,,,,,,,,,,,,,
laurena,lorena,loren,lonny,laurie,lorrie,lora,lawrie,lori,lorie,,,,,,,,,,,,,,,
laurie,lorie,lorrie,lori,,,,,,,,,,,,,,,,,,,,,
laurinda,lorinda,lori,lorie,laurie,laura,lorrie,lora,,,,,,,,,,,,,,,,,
laverna,laverne,verna,,,,,,,,,,,,,,,,,,,,,,
lavina,lavinia,viney,vinnie,vina,,,,,,,,,,,,,,,,,,,,
lavinia,lavina,viney,vinnie,vina,,,,,,,,,,,,,,,,,,,,
lawrence,laurence,larry,lon,lonny,lenny,lawrie,,,,,,,,,,,,,,,,,,
layla,laila,lala,ayla,lay,leila,,,,,,,,,,,,,,,,,,,
leah,le,leigh,lea,leia,,,,,,,,,,,,,,,,,,,,
leanor,lenora,leonore,lenore,leonora,lee,nora,,,,,,,,,,,,,,,,,,
leilani,lei,lani,,,,,,,,,,,,,,,,,,,,,,
len,lenny,,,,,,,,,,,,,,,,,,,,,,,
leon,leo,len,lennie,,,,,,,,,,,,,,,,,,,,,
leonard,lenny,leon,leo,len,lennie,,,,,,,,,,,,,,,,,,,
leonardo,leo,,,,,,,,,,,,,,,,,,,,,,,
leopold,leo,,,,,,,,,,,,,,,,,,,,,,,
leroy,lee,roy,l.r.,,,,,,,,,,,,,,,,,,,,,
lesley,leslie,les,,,,,,,,,,,,,,,,,,,,,,
lester,les,,,,,,,,,,,,,,,,,,,,,,,
leticia,letitia,titia,tisha,tish,lettie,,,,,,,,,,,,,,,,,,,
levi,lee,lev,,,,,,,,,,,,,,,,,,,,,,
lexie,lexy,lexi,,,,,,,,,,,,,,,,,,,,,,
lilian,lillian,lili,lily,lil,lilly,lilli,lillie,,,,,,,,,,,,,,,,,
lillah,lily,lil,lila,,,,,,,,,,,,,,,,,,,,,
lilly,lili,lily,lil,,,,,,,,,,,,,,,,,,,,,
lincoln,lin,link,lynn,linc,linc,,,,,,,,,,,,,,,,,,,
linda,lynda,lin,lynn,lindy,,,,,,,,,,,,,,,,,,,,
lionel,leon,leo,,,,,,,,,,,,,,,,,,,,,,
lloyd,loyd,,,,,,,,,,,,,,,,,,,,,,,
lois,lulu,,,,,,,,,,,,,,,,,,,,,,,
lolita,lola,lottie,lotti,,,,,,,,,,,,,,,,,,,,,
lon,lonny,lonnie,,,,,,,,,,,,,,,,,,,,,,
london,londy,,,,,,,,,,,,,,,,,,,,,,,
lonso,lonzo,lonnie,lonny,,,,,,,,,,,,,,,,,,,,,
loreen,lorine,laureen,laurene,lorene,laurine,,,,,,,,,,,,,,,,,,,
lorence,lawrence,laurence,larry,lon,lonny,lenny,,,,,,,,,,,,,,,,,,
lorene,laurine,lorine,loreen,laureen,laurene,,,,,,,,,,,,,,,,,,,
lorenzo,renzo,lorry,lenny,loren,,,,,,,,,,,,,,,,,,,,
loretta,lori,lorie,lorrie,retta,etta,,,,,,,,,,,,,,,,,,,
lorette,lori,lorie,lorrie,retta,etta,,,,,,,,,,,,,,,,,,,
lorinda,laurinda,lori,lorie,laurie,laura,lorrie,lora,,,,,,,,,,,,,,,,,
lorrain,loraine,lorraine,lorrie,,,,,,,,,,,,,,,,,,,,,
lorrain,lorie,lorne,laurie,lorrie,loraine,lorraine,,,,,,,,,,,,,,,,,,
louis,lewis,lou,louie,luis,,,,,,,,,,,,,,,,,,,,
louisa,lulu,lula,lou,lu,,,,,,,,,,,,,,,,,,,,
louise,lou,lu,lulu,,,,,,,,,,,,,,,,,,,,,
luca,luke,,,,,,,,,,,,,,,,,,,,,,,
lucas,luke,lukas,,,,,,,,,,,,,,,,,,,,,,
lucia,luci,lucie,lu,lulu,luce,,,,,,,,,,,,,,,,,,,
lucille,lucile,lucky,cille,lucy,lou,lu,,,,,,,,,,,,,,,,,,
lucinda,lucky,cindy,lucy,lou,lu,cinda,,,,,,,,,,,,,,,,,,
lucy,lu,lulu,luce,,,,,,,,,,,,,,,,,,,,,
luella,ella,lula,lu,,,,,,,,,,,,,,,,,,,,,
luther,luke,,,,,,,,,,,,,,,,,,,,,,,
lyndon,lynn,lindy,,,,,,,,,,,,,,,,,,,,,,
mabel,mabs,mab,mabelle,mable,mabbie,,,,,,,,,,,,,,,,,,,
mackenzie,mckenzie,kenzie,mac,kenni,mack,,,,,,,,,,,,,,,,,,,
maddox,mad,maddi,,,,,,,,,,,,,,,,,,,,,,
madeline,madelyn,madeleine,madie,maddy,mady,madi,maddie,,,,,,,,,,,,,,,,,
madelyn,madeline,madeleine,madie,maddy,mady,madi,maddie,,,,,,,,,,,,,,,,,
madison,madi,maddy,maddie,madisyn,maddison,,,,,,,,,,,,,,,,,,,
maegan,mae,may,maggie,mags,,,,,,,,,,,,,,,,,,,,
magda,madie,madge,maddy,mady,maud,maggie,maddie,,,,,,,,,,,,,,,,,
magdalena,magdelina,magda,magsie,lena,maggie,,,,,,,,,,,,,,,,,,,
magdaline,magdalen,magda,magsie,lena,maggie,,,,,,,,,,,,,,,,,,,
majorie,marjory,margery,margie,marge,,,,,,,,,,,,,,,,,,,,
makayla,mikayla,micayla,,,,,,,,,,,,,,,,,,,,,,
malcolm,malc,mac,mal,,,,,,,,,,,,,,,,,,,,,
manuel,manny,mannie,,,,,,,,,,,,,,,,,,,,,,
marcia,marcy,marci,,,,,,,,,,,,,,,,,,,,,,
marcus,marc,mark,markus,,,,,,,,,,,,,,,,,,,,,
margaret,margret,marguerite,greta,may,marge,margie,mae,gretta,maggie,,,,,,,,,,,,,,,
margarita,margaretta,rita,may,meg,marge,madge,magsie,margie,mae,,,,,,,,,,,,,,,
marge,margie,,,,,,,,,,,,,,,,,,,,,,,
margery,marge,margie,marjorie,mae,maggie,margo,marjory,margery,,,,,,,,,,,,,,,,
margot,marge,margie,margery,mae,maisie,maggie,margo,,,,,,,,,,,,,,,,,
maria,marie,mary,,,,,,,,,,,,,,,,,,,,,,
marianna,ann,mary,mari,anna,,,,,,,,,,,,,,,,,,,,
marianne,maryanne,marian,maryann,ann,mary,mari,,,,,,,,,,,,,,,,,,
maribel,maribelle,bell,mary,mari,,,,,,,,,,,,,,,,,,,,
mariett,mariette,ettie,etty,mary,etta,,,,,,,,,,,,,,,,,,,
marietta,mari,ettie,etty,mary,etta,,,,,,,,,,,,,,,,,,,
marilyn,lynn,mary,mari,marylin,marilynn,marlyn,,,,,,,,,,,,,,,,,,
marjory,marjorie,margery,margie,marge,,,,,,,,,,,,,,,,,,,,
markus,marc,mark,marcus,,,,,,,,,,,,,,,,,,,,,
marlene,mary,lena,,,,,,,,,,,,,,,,,,,,,,
marta,marty,,,,,,,,,,,,,,,,,,,,,,,
martha,pat,mat,patty,patsy,marty,,,,,,,,,,,,,,,,,,,
martin,mart,marty,,,,,,,,,,,,,,,,,,,,,,
marvin,marv,,,,,,,,,,,,,,,,,,,,,,,
mary,may,,,,,,,,,,,,,,,,,,,,,,,
maryann,maryanne,marianne,ann,mary,marian,,,,,,,,,,,,,,,,,,,
mason,mase,,,,,,,,,,,,,,,,,,,,,,,
mathilda,matilda,tillie,matty,tilly,mattie,tilla,tilda,,,,,,,,,,,,,,,,,
matt,matty,mattie,,,,,,,,,,,,,,,,,,,,,,
matteo,matt,teo,,,,,,,,,,,,,,,,,,,,,,
matthew,mat,mattie,matty,matt,,,,,,,,,,,,,,,,,,,,
matthias,matt,matty,thias,,,,,,,,,,,,,,,,,,,,,
maudlin,maud,,,,,,,,,,,,,,,,,,,,,,,
maureen,maury,,,,,,,,,,,,,,,,,,,,,,,
maverick,mav,rick,,,,,,,,,,,,,,,,,,,,,,
maximilian,max,,,,,,,,,,,,,,,,,,,,,,,
maximus,max,,,,,,,,,,,,,,,,,,,,,,,
maxine,max,maxie,,,,,,,,,,,,,,,,,,,,,,
maxwell,max,,,,,,,,,,,,,,,,,,,,,,,
maya,maiah,my,,,,,,,,,,,,,,,,,,,,,,
megan,meg,meghan,maegan,,,,,,,,,,,,,,,,,,,,,
mehitabel,hetty,hitty,mitty,mabel,,,,,,,,,,,,,,,,,,,,
melanie,mellie,mel,,,,,,,,,,,,,,,,,,,,,,
melinda,lindy,mellie,linda,mel,mindy,,,,,,,,,,,,,,,,,,,
melissa,lissa,mellie,missy,missie,milly,mel,lissa,,,,,,,,,,,,,,,,,
melody,mel,,,,,,,,,,,,,,,,,,,,,,,
melvin,mel,,,,,,,,,,,,,,,,,,,,,,,
mercedes,sadie,mercy,,,,,,,,,,,,,,,,,,,,,,
meredith,merry,mer,,,,,,,,,,,,,,,,,,,,,,
mervin,mervyn,merv,,,,,,,,,,,,,,,,,,,,,,
micah,mic,mick,,,,,,,,,,,,,,,,,,,,,,
micah,mike,,,,,,,,,,,,,,,,,,,,,,,
michael,mickey,mick,mickey,mike,miky,,,,,,,,,,,,,,,,,,,
michele,michelle,mickey,shelly,,,,,,,,,,,,,,,,,,,,,
mickey,micky,,,,,,,,,,,,,,,,,,,,,,,
mila,milly,,,,,,,,,,,,,,,,,,,,,,,
mildred,millie,milly,,,,,,,,,,,,,,,,,,,,,,
milicent,millicent,melicent,missy,millie,milly,,,,,,,,,,,,,,,,,,,
milton,milt,,,,,,,,,,,,,,,,,,,,,,,
minella,minnie,mina,minnie,,,,,,,,,,,,,,,,,,,,,
minerva,minnie,,,,,,,,,,,,,,,,,,,,,,,
mirabel,belle,bel,bella,bell,,,,,,,,,,,,,,,,,,,,
miranda,randy,mira,mandy,,,,,,,,,,,,,,,,,,,,,
miriam,mitzi,mimi,,,,,,,,,,,,,,,,,,,,,,
mitchell,mitch,,,,,,,,,,,,,,,,,,,,,,,
molly,mollie,moll,,,,,,,,,,,,,,,,,,,,,,
monica,mon,,,,,,,,,,,,,,,,,,,,,,,
montague,monty,monte,,,,,,,,,,,,,,,,,,,,,,
montgomery,gum,monty,monte,,,,,,,,,,,,,,,,,,,,,
morgan,mo,moe,,,,,,,,,,,,,,,,,,,,,,
morris,maurice,morey,morry,,,,,,,,,,,,,,,,,,,,,
mortimer,mort,morty,,,,,,,,,,,,,,,,,,,,,,
moses,mose,mo,moe,,,,,,,,,,,,,,,,,,,,,
nadine,nada,dee,,,,,,,,,,,,,,,,,,,,,,
nancy,nan,ann,,,,,,,,,,,,,,,,,,,,,,
naomi,nay,naomie,naiome,,,,,,,,,,,,,,,,,,,,,
napoleon,nap,leon,,,,,,,,,,,,,,,,,,,,,,
natalia,nat,,,,,,,,,,,,,,,,,,,,,,,
natalie,nathalie,nat,,,,,,,,,,,,,,,,,,,,,,
natasha,nat,,,,,,,,,,,,,,,,,,,,,,,
nathan,nate,nat,,,,,,,,,,,,,,,,,,,,,,
nathaniel,nathan,nate,nat,nathanial,,,,,,,,,,,,,,,,,,,,
nell,nellie,nelly,,,,,,,,,,,,,,,,,,,,,,
nicholas,nicolas,nickie,nicky,nick,cole,nic,,,,,,,,,,,,,,,,,,
nick,nic,nickie,nicky,,,,,,,,,,,,,,,,,,,,,
nicole,nicki,nicky,nikki,nikky,nichole,nick,nic ,cole ,,,,,,,,,,,,,,,,
nikki,nicki,nicky,nik,nic,,,,,,,,,,,,,,,,,,,,
nora,norah,norie,,,,,,,,,,,,,,,,,,,,,,
norbert,norby,bert,,,,,,,,,,,,,,,,,,,,,,
norman,norm,,,,,,,,,,,,,,,,,,,,,,,
obadiah,obie,,,,,,,,,,,,,,,,,,,,,,,
octavia,tavia,tavy,tave,,,,,,,,,,,,,,,,,,,,,
olive,liv,olly,livia,ollie,oli,,,,,,,,,,,,,,,,,,,
oliver,ollie,oli,,,,,,,,,,,,,,,,,,,,,,
olivia,liv,livvy,olly,livia,ollie,alivia,oli,,,,,,,,,,,,,,,,,
orville,orv,ollie,,,,,,,,,,,,,,,,,,,,,,
oscar,ossy,,,,,,,,,,,,,,,,,,,,,,,
osmund,osmond,ossy,ozzie,ozzy,,,,,,,,,,,,,,,,,,,,
oswald,waldo,ozzy,ossy,ozzie,oswold,,,,,,,,,,,,,,,,,,,
paisley,paislee,,,,,,,,,,,,,,,,,,,,,,,
pamela,pammy,pam,,,,,,,,,,,,,,,,,,,,,,
parker,park,,,,,,,,,,,,,,,,,,,,,,,
parmelia,melia,milly,,,,,,,,,,,,,,,,,,,,,,
patience,pat,patty,,,,,,,,,,,,,,,,,,,,,,
patricia,pat,pattie,trish,paddy,patty,trisha,patti,patsy,tricia,,,,,,,,,,,,,,,
patrick,pat,paddy,patty,,,,,,,,,,,,,,,,,,,,,
paul,pauly,,,,,,,,,,,,,,,,,,,,,,,
paula,polly,paulie,,,,,,,,,,,,,,,,,,,,,,
paulina,polly,paulie,lina,lena,,,,,,,,,,,,,,,,,,,,
pauline,polly,paulie,,,,,,,,,,,,,,,,,,,,,,
paxton,pax,,,,,,,,,,,,,,,,,,,,,,,
pelegrine,perry,,,,,,,,,,,,,,,,,,,,,,,
penelope,pen,penny,,,,,,,,,,,,,,,,,,,,,,
percival,percy,,,,,,,,,,,,,,,,,,,,,,,
peter,pete,petey,,,,,,,,,,,,,,,,,,,,,,
peyton,pey,payton,pay,,,,,,,,,,,,,,,,,,,,,
philetus,phil,,,,,,,,,,,,,,,,,,,,,,,
philinda,linda,,,,,,,,,,,,,,,,,,,,,,,
philip,phillip,phil,pip,,,,,,,,,,,,,,,,,,,,,
phoebe,phebe,pheb,,,,,,,,,,,,,,,,,,,,,,
phyllis,phyl,phil,,,,,,,,,,,,,,,,,,,,,,
piper,pipe,pippy,,,,,,,,,,,,,,,,,,,,,,
prescott,scott,scotty,pres,,,,,,,,,,,,,,,,,,,,,
priscilla,cilla,cissy,prissy,,,,,,,,,,,,,,,,,,,,,
prudence,prue,prudie,prudy,pru,,,,,,,,,,,,,,,,,,,,
quentin,quinton,quintin,quenton,quinn,quincy,quincey,,,,,,,,,,,,,,,,,,
quincey,quinn,quincy,,,,,,,,,,,,,,,,,,,,,,
quinn,quincy,quincey,,,,,,,,,,,,,,,,,,,,,,
rachel,ray,rae,,,,,,,,,,,,,,,,,,,,,,
raelynn,ray,rae,lynn,,,,,,,,,,,,,,,,,,,,,
rafael,raphael,rafe,raff,,,,,,,,,,,,,,,,,,,,,
ralph,ralphy,raff,rafe,raphy,,,,,,,,,,,,,,,,,,,,
randall,randal,randy,rand,,,,,,,,,,,,,,,,,,,,,
randolph,dolph,randy,rand,,,,,,,,,,,,,,,,,,,,,
raymond,raymund,ray,,,,,,,,,,,,,,,,,,,,,,
rebecca,bex,beck,becca,becky,reba,,,,,,,,,,,,,,,,,,,
regina,reg,gina,rena,ginny,,,,,,,,,,,,,,,,,,,,
reginald,naldo,renny,reg,reggie,,,,,,,,,,,,,,,,,,,,
renata,nata,renny,natie,renae,,,,,,,,,,,,,,,,,,,,
renee,renny,,,,,,,,,,,,,,,,,,,,,,,
reuben,ruben,rubin,ruby,,,,,,,,,,,,,,,,,,,,,
reynold,ray,,,,,,,,,,,,,,,,,,,,,,,
richard,dicky,rich,rick,dickie,richie,ricky,dick,richy,,,,,,,,,,,,,,,,
riley,riles,rylee,ryleigh,rylie,,,,,,,,,,,,,,,,,,,,
rob,robby,bobbie,bob,robbie,bobby,,,,,,,,,,,,,,,,,,,
robert,rob,robby,bobbie,bob,robbie,bobby,,,,,,,,,,,,,,,,,,
roberta,robby,bobbie,robbi,robbie,birdie,bobby,berta,bert,bertie,,,,,,,,,,,,,,,
robin,rob,robby,bobbie,bob,robbie,bobby,robyn,robbi,,,,,,,,,,,,,,,,
roderick,roderic,roddie,rod,rick,roddy,ricky,,,,,,,,,,,,,,,,,,
rodney,rod,roddy,,,,,,,,,,,,,,,,,,,,,,
roger,rodger,rod,roddy,roge,rodge,,,,,,,,,,,,,,,,,,,
roland,rolly,rollo,,,,,,,,,,,,,,,,,,,,,,
roman,rome,,,,,,,,,,,,,,,,,,,,,,,
ron,ronny,ronnie,,,,,,,,,,,,,,,,,,,,,,
ronald,naldo,ron,ronny,ronnie,,,,,,,,,,,,,,,,,,,,
rosa,rosie,rosy,,,,,,,,,,,,,,,,,,,,,,
rosabel,rosabelle,rose,bell,rosa,roz,rosie,belle,rosy,bel,,,,,,,,,,,,,,,
rosabella,rose,bell,rosa,roz,rosie,belle,rosy,,,,,,,,,,,,,,,,,
rosalee,rosalie,rose,rosie,rosy,,,,,,,,,,,,,,,,,,,,
rosalinda,rose,rosa,linda,roz,rosie,rosy,,,,,,,,,,,,,,,,,,
rosaline,rosalyn,rose,rosa,roz,rosie,rosy,lynn,,,,,,,,,,,,,,,,,
rosanna,roseanna,rose,roz,rosie,ann,rosy,anna,,,,,,,,,,,,,,,,,
rosanne,roseann,rose,roz,rosie,ann,rosy,anne,,,,,,,,,,,,,,,,,
rose,rosie,rosy,,,,,,,,,,,,,,,,,,,,,,
roseann,rosanne,rose,rosie,ann,rosy,,,,,,,,,,,,,,,,,,,
roseanna,rosanna,rose,rosie,ann,rosy,anna,,,,,,,,,,,,,,,,,,
rosemarie,rosemary,rose,rosie,rosy,,,,,,,,,,,,,,,,,,,,
rosemary,rosemarie,rose,rosie,rosy,,,,,,,,,,,,,,,,,,,,
rowan,row,,,,,,,,,,,,,,,,,,,,,,,
rowena,row,,,,,,,,,,,,,,,,,,,,,,,
roxana,roxanna,rose,roxie,ana,roxy,,,,,,,,,,,,,,,,,,,
roxanne,roxie,anne,roxy,,,,,,,,,,,,,,,,,,,,,
ruben,reuben,rubin,ruby,,,,,,,,,,,,,,,,,,,,,
rubina,ruby,rubie,,,,,,,,,,,,,,,,,,,,,,
rudolph,rudolf,rudolphus,dolph,rolf,rolph,rudy,,,,,,,,,,,,,,,,,,
rudolphus,rudolph,rudolf,dolph,rolf,rolph,rudy,,,,,,,,,,,,,,,,,,
russell,russel,rusty,russ,,,,,,,,,,,,,,,,,,,,,
ryan,ry,rian,ryann,,,,,,,,,,,,,,,,,,,,,
sabrina,sabby,brina,,,,,,,,,,,,,,,,,,,,,,
sade,sadie,,,,,,,,,,,,,,,,,,,,,,,
sam,sami,sammy,sammie,,,,,,,,,,,,,,,,,,,,,
samantha,sammy,sammie,sam,sami,,,,,,,,,,,,,,,,,,,,
sampson,sammy,sam,,,,,,,,,,,,,,,,,,,,,,
samson,sammy,sam,,,,,,,,,,,,,,,,,,,,,,
samuel,sam,sammy,,,,,,,,,,,,,,,,,,,,,,
sandra,sandy,,,,,,,,,,,,,,,,,,,,,,,
santiago,santi,,,,,,,,,,,,,,,,,,,,,,,
sarah,sara,,,,,,,,,,,,,,,,,,,,,,,
savannah,savanna,sav,savy,,,,,,,,,,,,,,,,,,,,,
scarlett,scar,scarlette,scarlet,anna,,,,,,,,,,,,,,,,,,,,
scott,scotty,,,,,,,,,,,,,,,,,,,,,,,
sebastian,bass,seb,,,,,,,,,,,,,,,,,,,,,,
selena,selina,celena,celina,lina,lena,,,,,,,,,,,,,,,,,,,
selene,celine,lina,lena,,,,,,,,,,,,,,,,,,,,,
serena,ren,,,,,,,,,,,,,,,,,,,,,,,
serenity,serenitee,ren,,,,,,,,,,,,,,,,,,,,,,
seymour,seymour,morey,sey,,,,,,,,,,,,,,,,,,,,,
sheldon,don,shelly,,,,,,,,,,,,,,,,,,,,,,
shelton,shelly,tony,shel,,,,,,,,,,,,,,,,,,,,,
sheridan,sher,danny,dan,,,,,,,,,,,,,,,,,,,,,
shirlee,shirlie,shirley,lee,shirl,sherry,,,,,,,,,,,,,,,,,,,
sibella,bella,bel,bell,belle,,,,,,,,,,,,,,,,,,,,
sibyl,sibylle,sybil,syble,sib,sibbie,,,,,,,,,,,,,,,,,,,
silas,si,,,,,,,,,,,,,,,,,,,,,,,
silvester,sylvester,sly,vester,,,,,,,,,,,,,,,,,,,,,
silvia,sylvia,syl,,,,,,,,,,,,,,,,,,,,,,
simon,simeon,simie,sim,simmy,,,,,,,,,,,,,,,,,,,,
sivonna,siv,,,,,,,,,,,,,,,,,,,,,,,
skyler,skylar,sky,,,,,,,,,,,,,,,,,,,,,,
solomon,sol,saul,solly,,,,,,,,,,,,,,,,,,,,,
sophia,sophy,sofia,sophie,,,,,,,,,,,,,,,,,,,,,
spencer,spence,,,,,,,,,,,,,,,,,,,,,,,
stacey,stacy,stace,,,,,,,,,,,,,,,,,,,,,,
stacia,stasia,,,,,,,,,,,,,,,,,,,,,,,
stanley,stan,,,,,,,,,,,,,,,,,,,,,,,
stefana,stephana,steff,steph,stephie,steffy,,,,,,,,,,,,,,,,,,,
stefania,stephania,steff,steph,stephie,steffy,,,,,,,,,,,,,,,,,,,
stella,stellie,,,,,,,,,,,,,,,,,,,,,,,
stephan,stefan,steffan,stephen,stef,steff,steph,,,,,,,,,,,,,,,,,,
stephanie,steffanie,stefanie,stephany,steff,steph,stevie,stephie,steffy,,,,,,,,,,,,,,,,
steve,stevie,,,,,,,,,,,,,,,,,,,,,,,
steven,stephen,stephan,steve,stevie,,,,,,,,,,,,,,,,,,,,
stewart,stuart,stew,stu,stewie,,,,,,,,,,,,,,,,,,,,
sue,susi,suzie,susy,susie,suzy,,,,,,,,,,,,,,,,,,,
sullivan,sully,van,,,,,,,,,,,,,,,,,,,,,,
susan,susanne,suzanne,susi,sue,suzie,susy,susie,suzy,,,,,,,,,,,,,,,,
susanna,susannah,susi,sue,suzie,susy,susie,suzy,,,,,,,,,,,,,,,,,
sybil,sibyl,sibylle,syble,sib,sibbie,,,,,,,,,,,,,,,,,,,
sydney,sidney,sid,syd,,,,,,,,,,,,,,,,,,,,,
sylvester,silvester,sly,vester,,,,,,,,,,,,,,,,,,,,,
sylvia,silvia,syl,,,,,,,,,,,,,,,,,,,,,,
tabitha,tabby,,,,,,,,,,,,,,,,,,,,,,,
tamara,tammy,tammie,,,,,,,,,,,,,,,,,,,,,,
taylor,tay,tae,taelor,,,,,,,,,,,,,,,,,,,,,
ted,teddy,,,,,,,,,,,,,,,,,,,,,,,
terence,terrance,terrence,terry,terri,terrie,,,,,,,,,,,,,,,,,,,
teresa,theresa,teri,terry,terri,tess,tessie,terrie,tessa,,,,,,,,,,,,,,,,
tessa,tess,tessie,,,,,,,,,,,,,,,,,,,,,,
thaddeus,thadeus,thad,tad,,,,,,,,,,,,,,,,,,,,,
theodora,theo,dora,,,,,,,,,,,,,,,,,,,,,,
theodore,theo,tad,teddy,ted,,,,,,,,,,,,,,,,,,,,
therese,teri,terry,terri,tracy,terrie,tessa,,,,,,,,,,,,,,,,,,
thomas,tom,tommy,,,,,,,,,,,,,,,,,,,,,,
tiffany,tiffy,tiff,,,,,,,,,,,,,,,,,,,,,,
tilly,tillie,,,,,,,,,,,,,,,,,,,,,,,
tim,timmy,,,,,,,,,,,,,,,,,,,,,,,
timothy,timmy,tim,,,,,,,,,,,,,,,,,,,,,,
tobias,toby,tobi,tobie,,,,,,,,,,,,,,,,,,,,,
tom,tommy,tommie,,,,,,,,,,,,,,,,,,,,,,
topher,toph,,,,,,,,,,,,,,,,,,,,,,,
travis,trav,,,,,,,,,,,,,,,,,,,,,,,
trenton,trent,,,,,,,,,,,,,,,,,,,,,,,
trevor,trev,,,,,,,,,,,,,,,,,,,,,,,
trisha,trish,tricia,,,,,,,,,,,,,,,,,,,,,,
tristan,trist,tris,,,,,,,,,,,,,,,,,,,,,,
tucker ,tuck,,,,,,,,,,,,,,,,,,,,,,,
tyler,ty,,,,,,,,,,,,,,,,,,,,,,,
tyrone,tyronne,ty,,,,,,,,,,,,,,,,,,,,,,
ulysses,uli,uly,,,,,,,,,,,,,,,,,,,,,,
uriah,riah,,,,,,,,,,,,,,,,,,,,,,,
ursula,ursie,sulie,ursa,,,,,,,,,,,,,,,,,,,,,
valentina,val,vallie,tina,,,,,,,,,,,,,,,,,,,,,
valentine,val,,,,,,,,,,,,,,,,,,,,,,,
valeria,val,vallie,,,,,,,,,,,,,,,,,,,,,,
valerie,valery,val,vallie,,,,,,,,,,,,,,,,,,,,,
vance,van,,,,,,,,,,,,,,,,,,,,,,,
vanessa,van,nessa,,,,,,,,,,,,,,,,,,,,,,
vanna,van,vannie,,,,,,,,,,,,,,,,,,,,,,
vaughan,vaughn,,,,,,,,,,,,,,,,,,,,,,,
vernon,vern,,,,,,,,,,,,,,,,,,,,,,,
veronica,ron,ronnie,ronny,ronni,nic,,,,,,,,,,,,,,,,,,,
victor,vick,vic,,,,,,,,,,,,,,,,,,,,,,
victoria,vicki,vicky,tory,viki,vikki,torie,tori,vick,vic,torrie,torri,vickie,viktoria,,,,,,,,,,,
vince,vin,vinny,,,,,,,,,,,,,,,,,,,,,,
vincent,vin,vinny,vic,vince,vick,,,,,,,,,,,,,,,,,,,
viola,vi,,,,,,,,,,,,,,,,,,,,,,,
violet,violette,vi,lettie,,,,,,,,,,,,,,,,,,,,,
violetta,vi,lettie,,,,,,,,,,,,,,,,,,,,,,
virgil,vergil,virge,,,,,,,,,,,,,,,,,,,,,,
virginia,jane,virgie,ginger,jennie,virgy,ginny,jinny,jenny,,,,,,,,,,,,,,,,
vivien,viv,vivian,,,,,,,,,,,,,,,,,,,,,,
wallace,wally,wallie,,,,,,,,,,,,,,,,,,,,,,
walter,wally,walt,,,,,,,,,,,,,,,,,,,,,,
washington,wash,,,,,,,,,,,,,,,,,,,,,,,
wesley,wes,,,,,,,,,,,,,,,,,,,,,,,
weston,west,wes,,,,,,,,,,,,,,,,,,,,,,
wilber,wilbur,willie,will,willy,,,,,,,,,,,,,,,,,,,,
wilfrid,wilfred,freddy,freddie,fred,willie,will,willy,,,,,,,,,,,,,,,,,
wilhelmina,minnie,wilma,willa,mina,willie,,,,,,,,,,,,,,,,,,,
will,bill,willie,willy,billy,,,,,,,,,,,,,,,,,,,,
willard,willie,will,willy,,,,,,,,,,,,,,,,,,,,,
william,billy,bill,willie,will,willy,billie,liam,,,,,,,,,,,,,,,,,
williow,will,,,,,,,,,,,,,,,,,,,,,,,
willis,willie,will,willy,,,,,,,,,,,,,,,,,,,,,
wilma,willa,willie,,,,,,,,,,,,,,,,,,,,,,
wilson,willie,will,willy,,,,,,,,,,,,,,,,,,,,,
winfield,field,winny,win,,,,,,,,,,,,,,,,,,,,,
winfred,freddy,freddie,fred,,,,,,,,,,,,,,,,,,,,,
winifred,freddie,winnet,winnie,freda,win,,,,,,,,,,,,,,,,,,,
winston,winnie,winny,win,,,,,,,,,,,,,,,,,,,,,
woodrow,wood,woody,drew,,,,,,,,,,,,,,,,,,,,,
xavier,xav,,,,,,,,,,,,,,,,,,,,,,,
yasamin,yasmine,yasi,,,,,,,,,,,,,,,,,,,,,,
zachariah,zak,zacky,zach,zack,zachy,,,,,,,,,,,,,,,,,,,
zacharias,zak,zacky,zach,zack,zachy,,,,,,,,,,,,,,,,,,,
zachary,zak,zacky,zach,zack,zachy,,,,,,,,,,,,,,,,,,,
zack,zak,zacky,zach,zachy,,,,,,,,,,,,,,,,,,,,
zebedee,zeb,,,,,,,,,,,,,,,,,,,,,,,
zedediah,zed,diah,dyer,,,,,,,,,,,,,,,,,,,,,
zephaniah,zeph,,,,,,,,,,,,,,,,,,,,,,,
zoey,zoe,zo,,,,,,,,,,,,,,,,,,,,,,